,sentiment,word,count
0,Negatif,banget,96
1,Negatif,enggak,67
2,Negatif,keren,61
3,Negatif,sudah,40
4,Negatif,sih,39
5,Negatif,ya,36
6,Negatif,yang,35
7,Negatif,tvc,34
8,Negatif,nih,31
9,Negatif,deh,27
10,Negatif,perubahan,24
11,Negatif,saja,24
12,Negatif,kak,19
13,Negatif,benar,18
14,Negatif,gue,18
15,Negatif,gangguan,17
16,Negatif,iya,17
17,Negatif,kayak,17
18,Negatif,berubah,14
19,Negatif,gila,14
20,Negatif,internet,14
21,Negatif,wifi,14
22,Negatif,lemot,13
23,Negatif,jaringan,12
24,Negatif,mati,12
25,Negatif,memang,12
26,Negatif,pakai,12
27,Negatif,tau,12
28,Negatif,kenapa,11
29,Negatif,nya,10
30,Negatif,ini,9
31,Negatif,lagi,9
32,Negatif,lu,9
33,Negatif,min,9
34,Negatif,nomor,9
35,Negatif,dm,8
36,Negatif,lihat,8
37,Negatif,terbaru,8
38,Negatif,bang,7
39,Negatif,begini,7
40,Negatif,error,7
41,Negatif,gua,7
42,Negatif,juga,7
43,Negatif,kalo,7
44,Negatif,loh,7
45,Negatif,parah,7
46,Negatif,setuju,7
47,Negatif,sinyal,7
48,Negatif,babi,6
49,Negatif,bayar,6
50,Negatif,belum,6
51,Negatif,bikin,6
52,Negatif,caper,6
53,Negatif,cek,6
54,Negatif,eh,6
55,Negatif,itu,6
56,Negatif,jam,6
57,Negatif,koneksi,6
58,Negatif,malam,6
59,Negatif,mulu,6
60,Negatif,telkomsel,6
61,Negatif,tuh,6
62,Negatif,wkwk,6
63,Negatif,akses,5
64,Negatif,anjing,5
65,Negatif,arah,5
66,Negatif,asu,5
67,Negatif,ayo,5
68,Negatif,connect,5
69,Negatif,fasilitas,5
70,Negatif,indonesia,5
71,Negatif,informasi,5
72,Negatif,ketinggalan,5
73,Negatif,main,5
74,Negatif,merah,5
75,Negatif,pas,5
76,Negatif,ragu,5
77,Negatif,sama,5
78,Negatif,solusi,5
79,Negatif,tahi,5
80,Negatif,terkini,5
81,Negatif,tolong,5
82,Negatif,ada,4
83,Negatif,anjir,4
84,Negatif,bagaimana,4
85,Negatif,bip,4
86,Negatif,capek,4
87,Negatif,daerah,4
88,Negatif,dari,4
89,Negatif,emosi,4
90,Negatif,halo,4
91,Negatif,hehe,4
92,Negatif,ika,4
93,Negatif,jelas,4
94,Negatif,kah,4
95,Negatif,kali,4
96,Negatif,kemarin,4
97,Negatif,lakukan,4
98,Negatif,langsung,4
99,Negatif,los,4
100,Negatif,loss,4
101,Negatif,mahal,4
102,Negatif,modem,4
103,Negatif,ngelag,4
104,Negatif,orang,4
105,Negatif,segini,4
106,Negatif,susah,4
107,Negatif,tunggal,4
108,Negatif,alias,3
109,Negatif,bagus,3
110,Negatif,barengan,3
111,Negatif,beli,3
112,Negatif,bineka,3
113,Negatif,bisa,3
114,Negatif,bogor,3
115,Negatif,down,3
116,Negatif,harga,3
117,Negatif,harus,3
118,Negatif,ih,3
119,Negatif,jangan,3
120,Negatif,kabel,3
121,Negatif,kakak,3
122,Negatif,karena,3
123,Negatif,keburukan,3
124,Negatif,lampu,3
125,Negatif,lelet,3
126,Negatif,lift,3
127,Negatif,mah,3
128,Negatif,mantap,3
129,Negatif,mohon,3
130,Negatif,ngerank,3
131,Negatif,padahal,3
132,Negatif,penanganan,3
133,Negatif,rumah,3
134,Negatif,sampai,3
135,Negatif,sejam,3
136,Negatif,sekeren,3
137,Negatif,siang,3
138,Negatif,signal,3
139,Negatif,stabil,3
140,Negatif,teros,3
141,Negatif,terus,3
142,Negatif,trouble,3
143,Negatif,tvnya,3
144,Negatif,valo,3
145,Negatif,wah,3
146,Negatif,yaallah,3
147,Negatif,ah,2
148,Negatif,akun,2
149,Negatif,allah,2
150,Negatif,aplikasi,2
151,Negatif,area,2
152,Negatif,asli,2
153,Negatif,babiiii,2
154,Negatif,begitu,2
155,Negatif,benerin,2
156,Negatif,berani,2
157,Negatif,berhenti,2
158,Negatif,bermasalah,2
159,Negatif,berwarna,2
160,Negatif,betull,2
161,Negatif,biar,2
162,Negatif,bilang,2
163,Negatif,btw,2
164,Negatif,bukan,2
165,Negatif,buruan,2
166,Negatif,cakep,2
167,Negatif,coba,2
168,Negatif,dapat,2
169,Negatif,detail,2
170,Negatif,dibayar,2
171,Negatif,dihati,2
172,Negatif,dipakai,2
173,Negatif,disconnect,2
174,Negatif,doang,2
175,Negatif,elon,2
176,Negatif,fiber,2
177,Negatif,gais,2
178,Negatif,gaiss,2
179,Negatif,ganti,2
180,Negatif,guys,2
181,Negatif,habis,2
182,Negatif,hai,2
183,Negatif,hujan,2
184,Negatif,id,2
185,Negatif,ijo,2
186,Negatif,indibasketball,2
187,Negatif,indihom,2
188,Negatif,internetnya,2
189,Negatif,jadi,2
190,Negatif,jalur,2
191,Negatif,jarak,2
192,Negatif,jelek,2
193,Negatif,jls,2
194,Negatif,kadang,2
195,Negatif,kaget,2
196,Negatif,kalah,2
197,Negatif,kartu,2
198,Negatif,kebaikan,2
199,Negatif,kebuka,2
200,Negatif,kecuali,2
201,Negatif,komplain,2
202,Negatif,konsepnya,2
203,Negatif,kontol,2
204,Negatif,ku,2
205,Negatif,kuota,2
206,Negatif,lan,2
207,Negatif,lantai,2
208,Negatif,laporan,2
209,Negatif,lawan,2
210,Negatif,layanan,2
211,Negatif,lek,2
212,Negatif,lo,2
213,Negatif,malu,2
214,Negatif,mari,2
215,Negatif,mas,2
216,Negatif,masih,2
217,Negatif,mau,2
218,Negatif,mendung,2
219,Negatif,mengaco,2
220,Negatif,mengalami,2
221,Negatif,minggu,2
222,Negatif,monyet,2
223,Negatif,muncul,2
224,Negatif,murah,2
225,Negatif,ngapa,2
226,Negatif,ngentot,2
227,Negatif,ninu,2
228,Negatif,numpang,2
229,Negatif,nyata,2
230,Negatif,of,2
231,Negatif,otto,2
232,Negatif,paket,2
233,Negatif,pengin,2
234,Negatif,perbaikan,2
235,Negatif,ping,2
236,Negatif,pingnya,2
237,Negatif,pokoknya,2
238,Negatif,restart,2
239,Negatif,riez,2
240,Negatif,routernya,2
241,Negatif,salut,2
242,Negatif,seharian,2
243,Negatif,sinyalnya,2
244,Negatif,sok,2
245,Negatif,sore,2
246,Negatif,stres,2
247,Negatif,stuck,2
248,Negatif,su,2
249,Negatif,sumpah,2
250,Negatif,takut,2
251,Negatif,tanah,2
252,Negatif,tapi,2
253,Negatif,tb,2
254,Negatif,terpasang,2
255,Negatif,the,2
256,Negatif,tidur,2
257,Negatif,tolol,2
258,Negatif,twitter,2
259,Negatif,vidio,2
260,Negatif,wih,2
261,Negatif,wkwkwk,2
262,Negatif,yuk,2
263,Negatif,aaaa,1
264,Negatif,abissss,1
265,Negatif,adek,1
266,Negatif,admin,1
267,Negatif,adminnnn,1
268,Negatif,adoh,1
269,Negatif,afk,1
270,Negatif,ajg,1
271,Negatif,aka,1
272,Negatif,aku,1
273,Negatif,alasan,1
274,Negatif,an,1
275,Negatif,anak,1
276,Negatif,and,1
277,Negatif,android,1
278,Negatif,aneh,1
279,Negatif,anjai,1
280,Negatif,anjeng,1
281,Negatif,anjengg,1
282,Negatif,anjg,1
283,Negatif,anjgggg,1
284,Negatif,anjingg,1
285,Negatif,anjinggggg,1
286,Negatif,anjingudh,1
287,Negatif,anjirt,1
288,Negatif,anjjj,1
289,Negatif,anjrid,1
290,Negatif,anying,1
291,Negatif,apaansih,1
292,Negatif,apartment,1
293,Negatif,apeeeee,1
294,Negatif,aren,1
295,Negatif,asekkkk,1
296,Negatif,aselikk,1
297,Negatif,asik,1
298,Negatif,asikk,1
299,Negatif,atasanya,1
300,Negatif,atau,1
301,Negatif,atlassiannet,1
302,Negatif,aturan,1
303,Negatif,awas,1
304,Negatif,baca,1
305,Negatif,back,1
306,Negatif,baikkeren,1
307,Negatif,bajadi,1
308,Negatif,bakar,1
309,Negatif,balas,1
310,Negatif,bandung,1
311,Negatif,bandwidth,1
312,Negatif,bangsat,1
313,Negatif,bangst,1
314,Negatif,banjar,1
315,Negatif,bantu,1
316,Negatif,banyumas,1
317,Negatif,batas,1
318,Negatif,bayangkan,1
319,Negatif,becus,1
320,Negatif,benaran,1
321,Negatif,benci,1
322,Negatif,bendino,1
323,Negatif,benerrr,1
324,Negatif,benerrrr,1
325,Negatif,bentar,1
326,Negatif,beraktivitas,1
327,Negatif,berapa,1
328,Negatif,berarti,1
329,Negatif,berat,1
330,Negatif,berbedabeda,1
331,Negatif,berdampak,1
332,Negatif,berenti,1
333,Negatif,berfungsi,1
334,Negatif,berinovasi,1
335,Negatif,berisik,1
336,Negatif,berita,1
337,Negatif,berkali,1
338,Negatif,berkalikali,1
339,Negatif,berlangganan,1
340,Negatif,bersamaan,1
341,Negatif,berulah,1
342,Negatif,besok,1
343,Negatif,best,1
344,Negatif,betulan,1
345,Negatif,bgst,1
346,Negatif,bhineka,1
347,Negatif,biarkan,1
348,Negatif,biru,1
349,Negatif,bisanya,1
350,Negatif,biznet,1
351,Negatif,bohongg,1
352,Negatif,boleh,1
353,Negatif,bosan,1
354,Negatif,both,1
355,Negatif,box,1
356,Negatif,btulll,1
357,Negatif,bubar,1
358,Negatif,buffering,1
359,Negatif,buka,1
360,Negatif,bunyi,1
361,Negatif,burik,1
362,Negatif,buseet,1
363,Negatif,busett,1
364,Negatif,byr,1
365,Negatif,byu,1
366,Negatif,bzz,1
367,Negatif,capture,1
368,Negatif,care,1
369,Negatif,cashbacks,1
370,Negatif,cemen,1
371,Negatif,cempedak,1
372,Negatif,cepat,1
373,Negatif,chat,1
374,Negatif,ciamik,1
375,Negatif,cipadung,1
376,Negatif,cok,1
377,Negatif,connecting,1
378,Negatif,connectionmu,1
379,Negatif,content,1
380,Negatif,contoh,1
381,Negatif,cord,1
382,Negatif,cs,1
383,Negatif,cup,1
384,Negatif,daily,1
385,Negatif,dalam,1
386,Negatif,dalan,1
387,Negatif,dangukeun,1
388,Negatif,dar,1
389,Negatif,daritadi,1
390,Negatif,darting,1
391,Negatif,data,1
392,Negatif,datang,1
393,Negatif,dbwah,1
394,Negatif,dear,1
395,Negatif,debest,1
396,Negatif,demen,1
397,Negatif,dengan,1
398,Negatif,dengar,1
399,Negatif,device,1
400,Negatif,diare,1
401,Negatif,dibikin,1
402,Negatif,dibuka,1
403,Negatif,dicolokin,1
404,Negatif,didepan,1
405,Negatif,didol,1
406,Negatif,dih,1
407,Negatif,diketuk,1
408,Negatif,dilakuin,1
409,Negatif,dilantai,1
410,Negatif,dimaafkan,1
411,Negatif,dipikir,1
412,Negatif,direstart,1
413,Negatif,diriset,1
414,Negatif,discord,1
415,Negatif,disebabkan,1
416,Negatif,diselesaikan,1
417,Negatif,disuruh,1
418,Negatif,ditengah,1
419,Negatif,doh,1
420,Negatif,done,1
421,Negatif,donkkkkkssssssss,1
422,Negatif,donksss,1
423,Negatif,drakoran,1
424,Negatif,drkmrn,1
425,Negatif,dsb,1
426,Negatif,duh,1
427,Negatif,ehiya,1
428,Negatif,elahhh,1
429,Negatif,emosiii,1
430,Negatif,enek,1
431,Negatif,engineer,1
432,Negatif,errornya,1
433,Negatif,etdah,1
434,Negatif,etmin,1
435,Negatif,event,1
436,Negatif,faktor,1
437,Negatif,fck,1
438,Negatif,fix,1
439,Negatif,floors,1
440,Negatif,fotonya,1
441,Negatif,ftth,1
442,Negatif,fup,1
443,Negatif,gadasinyal,1
444,Negatif,gambar,1
445,Negatif,ganguannyaa,1
446,Negatif,gara-gara,1
447,Negatif,garagara,1
448,Negatif,gawe,1
449,Negatif,get,1
450,Negatif,gian,1
451,Negatif,gmnsih,1
452,Negatif,goblk,1
453,Negatif,guyss,1
454,Negatif,gwe,1
455,Negatif,gws,1
456,Negatif,hah,1
457,Negatif,hahahaha,1
458,Negatif,hahahahha,1
459,Negatif,hapus,1
460,Negatif,harapan,1
461,Negatif,heh,1
462,Negatif,helooow,1
463,Negatif,her,1
464,Negatif,hihi,1
465,Negatif,hilir,1
466,Negatif,hitam,1
467,Negatif,hom,1
468,Negatif,hours,1
469,Negatif,huhu,1
470,Negatif,iki,1
471,Negatif,iku,1
472,Negatif,image,1
473,Negatif,india,1
474,Negatif,indihomo,1
475,Negatif,indikator,1
476,Negatif,indosat,1
477,Negatif,infokan,1
478,Negatif,infonya,1
479,Negatif,internetku,1
480,Negatif,internetudh,1
481,Negatif,ip,1
482,Negatif,isinya,1
483,Negatif,istigfarr,1
484,Negatif,isya,1
485,Negatif,jak,1
486,Negatif,jalan,1
487,Negatif,jamkot,1
488,Negatif,jarang,1
489,Negatif,jatim,1
490,Negatif,jatuh,1
491,Negatif,jelekk,1
492,Negatif,jempol,1
493,Negatif,jir,1
494,Negatif,jujurly,1
495,Negatif,jumat,1
496,Negatif,kabarin,1
497,Negatif,kabelnya,1
498,Negatif,kabupaten,1
499,Negatif,kaleng,1
500,Negatif,kalengkaleng,1
501,Negatif,kalian,1
502,Negatif,kambing,1
503,Negatif,kamu,1
504,Negatif,kapa,1
505,Negatif,kapok,1
506,Negatif,kebiasaan,1
507,Negatif,keburu,1
508,Negatif,kecamatan,1
509,Negatif,kecepatannya,1
510,Negatif,kejangkejang,1
511,Negatif,kelassss,1
512,Negatif,keluar,1
513,Negatif,kelurahan,1
514,Negatif,kemajuan,1
515,Negatif,kereeeennnnn,1
516,Negatif,kerenm,1
517,Negatif,kerja,1
518,Negatif,kerumah,1
519,Negatif,kesabaran,1
520,Negatif,kesel,1
521,Negatif,keseruannya,1
522,Negatif,ketebakk,1
523,Negatif,keterbatan,1
524,Negatif,keunduh,1
525,Negatif,keyeennn,1
526,Negatif,kisaran,1
527,Negatif,knapa,1
528,Negatif,knpppp,1
529,Negatif,kocak,1
530,Negatif,kode,1
531,Negatif,komaling,1
532,Negatif,koneksimu,1
533,Negatif,konsepnyaa,1
534,Negatif,kosong,1
535,Negatif,kost,1
536,Negatif,kota,1
537,Negatif,koyo,1
538,Negatif,kseringan,1
539,Negatif,kucing,1
540,Negatif,kui,1
541,Negatif,kulon,1
542,Negatif,kuning,1
543,Negatif,kuotaaaa,1
544,Negatif,kwkwkw,1
545,Negatif,l,1
546,Negatif,laaah,1
547,Negatif,lage,1
548,Negatif,lagiiiiii,1
549,Negatif,lamalamaa,1
550,Negatif,lambat,1
551,Negatif,lampunya,1
552,Negatif,lang,1
553,Negatif,langganan,1
554,Negatif,lapor,1
555,Negatif,larang,1
556,Negatif,last,1
557,Negatif,layar,1
558,Negatif,lemottt,1
559,Negatif,lemottttt,1
560,Negatif,lho,1
561,Negatif,lintas,1
562,Negatif,listrik,1
563,Negatif,liyoe,1
564,Negatif,loading,1
565,Negatif,lom,1
566,Negatif,lost,1
567,Negatif,maaf,1
568,Negatif,maeng,1
569,Negatif,maintenance,1
570,Negatif,majukan,1
571,Negatif,makane,1
572,Negatif,makij,1
573,Negatif,maksudnya,1
574,Negatif,manga,1
575,Negatif,maniez,1
576,Negatif,mantaapp,1
577,Negatif,manteeepp,1
578,Negatif,mantull,1
579,Negatif,mantuuuuuullllll,1
580,Negatif,masyarakat,1
581,Negatif,matiin,1
582,Negatif,mbak,1
583,Negatif,mbayar,1
584,Negatif,mbps,1
585,Negatif,mek,1
586,Negatif,melaprak,1
587,Negatif,melbu,1
588,Negatif,melekat,1
589,Negatif,melihat,1
590,Negatif,melongo,1
591,Negatif,membaca,1
592,Negatif,membara,1
593,Negatif,membawa,1
594,Negatif,memberikan,1
595,Negatif,memikir,1
596,Negatif,memperbaiki,1
597,Negatif,memperlihatkan,1
598,Negatif,menang,1
599,Negatif,menangissss,1
600,Negatif,mending,1
601,Negatif,menerima,1
602,Negatif,mengadu,1
603,Negatif,menggambarkan,1
604,Negatif,menghilangkan,1
605,Negatif,mengira,1
606,Negatif,mengomongkan,1
607,Negatif,menunggu,1
608,Negatif,menurunkan,1
609,Negatif,menyambung,1
610,Negatif,menyesuaikan,1
611,Negatif,merindukan,1
612,Negatif,mib,1
613,Negatif,mimpi,1
614,Negatif,misi,1
615,Negatif,ml,1
616,Negatif,mnyt,1
617,Negatif,molor,1
618,Negatif,monmaap,1
619,Negatif,monthly,1
620,Negatif,mu,1
621,Negatif,mudah,1
622,Negatif,muluu,1
623,Negatif,murni,1
624,Negatif,musk,1
625,Negatif,mwlakukan,1
626,Negatif,nah,1
627,Negatif,nder,1
628,Negatif,nebeng,1
629,Negatif,negara,1
630,Negatif,nehhhh,1
631,Negatif,nek,1
632,Negatif,ngadat,1
633,Negatif,ngang,1
634,Negatif,nge,1
635,Negatif,ngebangun,1
636,Negatif,ngeblur,1
637,Negatif,ngedown,1
638,Negatif,ngegangfu,1
639,Negatif,ngehost,1
640,Negatif,ngeleg,1
641,Negatif,ngendorse,1
642,Negatif,ngetwit,1
643,Negatif,ngewhatsapp,1
644,Negatif,ngikut,1
645,Negatif,nglag,1
646,Negatif,ngleg,1
647,Negatif,ngong,1
648,Negatif,ngontol,1
649,Negatif,ngorte,1
650,Negatif,nguji,1
651,Negatif,ngunu,1
652,Negatif,nugas,1
653,Negatif,nur,1
654,Negatif,nyala,1
655,Negatif,nyantai,1
656,Negatif,nyap,1
657,Negatif,nyapan,1
658,Negatif,nyuruh,1
659,Negatif,oalaaaaah,1
660,Negatif,oalah,1
661,Negatif,offline,1
662,Negatif,oh,1
663,Negatif,oke,1
664,Negatif,omaku,1
665,Negatif,online,1
666,Negatif,out,1
667,Negatif,p,1
668,Negatif,pabrik,1
669,Negatif,pagi,1
670,Negatif,pantesan,1
671,Negatif,panyileukan,1
672,Negatif,parahhh,1
673,Negatif,parahhhhhh,1
674,Negatif,pastikan,1
675,Negatif,pastinya,1
676,Negatif,patch,1
677,Negatif,pelanggan,1
678,Negatif,pelosok,1
679,Negatif,pencet,1
680,Negatif,perbedaan,1
681,Negatif,percaya,1
682,Negatif,pesan,1
683,Negatif,petugas,1
684,Negatif,piiiiig,1
685,Negatif,pitik,1
686,Negatif,pkerjaan,1
687,Negatif,pleasee,1
688,Negatif,pls,1
689,Negatif,pokoke,1
690,Negatif,pokoknyaa,1
691,Negatif,pon,1
692,Negatif,pondok,1
693,Negatif,positif,1
694,Negatif,positifnya,1
695,Negatif,proud,1
696,Negatif,psk,1
697,Negatif,pulang,1
698,Negatif,punuk,1
699,Negatif,punya,1
700,Negatif,putih,1
701,Negatif,putus,1
702,Negatif,rada,1
703,Negatif,rahuk,1
704,Negatif,rbanbulan,1
705,Negatif,ready,1
706,Negatif,rekoor,1
707,Negatif,reset,1
708,Negatif,respon,1
709,Negatif,restat,1
710,Negatif,riau,1
711,Negatif,ribu,1
712,Negatif,rohil,1
713,Negatif,rokan,1
714,Negatif,rumahku,1
715,Negatif,rusak,1
716,Negatif,rusakk,1
717,Negatif,sabar,1
718,Negatif,salah,1
719,Negatif,sales,1
720,Negatif,sareal,1
721,Negatif,saya,1
722,Negatif,sayang,1
723,Negatif,sebulan,1
724,Negatif,sehari,1
725,Negatif,sekalinya,1
726,Negatif,sekarang,1
727,Negatif,selamat,1
728,Negatif,semakin,1
729,Negatif,semangat,1
730,Negatif,seminggua,1
731,Negatif,senggol,1
732,Negatif,seperi,1
733,Negatif,seputaran,1
734,Negatif,sertakan,1
735,Negatif,seru,1
736,Negatif,server,1
737,Negatif,service,1
738,Negatif,setelan,1
739,Negatif,setujuu,1
740,Negatif,sgera,1
741,Negatif,sharian,1
742,Negatif,sihdrtd,1
743,Negatif,siiiii,1
744,Negatif,silakan,1
745,Negatif,sing,1
746,Negatif,sinyaaalll,1
747,Negatif,sinyalmu,1
748,Negatif,sinyalnyaa,1
749,Negatif,skripsian,1
750,Negatif,smartfren,1
751,Negatif,sosmed,1
752,Negatif,spah,1
753,Negatif,spechless,1
754,Negatif,spill,1
755,Negatif,stb,1
756,Negatif,stop,1
757,Negatif,sucks,1
758,Negatif,suka,1
759,Negatif,sulit,1
760,Negatif,sumpa,1
761,Negatif,sumut,1
762,Negatif,super,1
763,Negatif,suram,1
764,Negatif,suruh,1
765,Negatif,tabokin,1
766,Negatif,tag,1
767,Negatif,tagihan,1
768,Negatif,tahan,1
769,Negatif,tanggal,1
770,Negatif,tangsel,1
771,Negatif,tanya,1
772,Negatif,taunya,1
773,Negatif,tbtb,1
774,Negatif,tcc,1
775,Negatif,tcv,1
776,Negatif,telepon,1
777,Negatif,telkom,1
778,Negatif,tema,1
779,Negatif,tempo,1
780,Negatif,tepatnya,1
781,Negatif,terbarunya,1
782,Negatif,terbaruu,1
783,Negatif,terbengkalai,1
784,Negatif,terbitnya,1
785,Negatif,terdepan,1
786,Negatif,terganggu,1
787,Negatif,terharu,1
788,Negatif,terpantau,1
789,Negatif,tersambung,1
790,Negatif,tetap,1
791,Negatif,tipis,1
792,Negatif,tokped,1
793,Negatif,tonton,1
794,Negatif,tri,1
795,Negatif,tsel,1
796,Negatif,tuhan,1
797,Negatif,tukang,1
798,Negatif,tulisannya,1
799,Negatif,turun,1
800,Negatif,tvcnya,1
801,Negatif,tweet,1
802,Negatif,ujann,1
803,Negatif,ujung,1
804,Negatif,ulah,1
805,Negatif,ultramen,1
806,Negatif,unduh,1
807,Negatif,untung,1
808,Negatif,uopooooo,1
809,Negatif,us,1
810,Negatif,usah,1
811,Negatif,useetv,1
812,Negatif,v,1
813,Negatif,valley,1
814,Negatif,via,1
815,Negatif,vibes,1
816,Negatif,voc,1
817,Negatif,voucher,1
818,Negatif,waahh,1
819,Negatif,wajahku,1
820,Negatif,war,1
821,Negatif,watashi,1
822,Negatif,webinar,1
823,Negatif,whatsapp,1
824,Negatif,wifimu,1
825,Negatif,wifinya,1
826,Negatif,wkekekw,1
827,Negatif,woi,1
828,Negatif,woiiii,1
829,Negatif,world,1
830,Negatif,wow,1
831,Negatif,woy,1
832,Negatif,woyyla,1
833,Negatif,wts,1
834,Negatif,wujudkan,1
835,Negatif,youtube,1
836,Netral,tvc,165
837,Netral,banget,129
838,Netral,keren,113
839,Netral,terbaru,73
840,Netral,lihat,51
841,Netral,sudah,51
842,Netral,nih,44
843,Netral,saja,36
844,Netral,mantap,32
845,Netral,deh,31
846,Netral,konsep,30
847,Netral,pakai,30
848,Netral,ya,28
849,Netral,indonesia,27
850,Netral,menonton,27
851,Netral,berubah,24
852,Netral,yang,24
853,Netral,memang,23
854,Netral,nya,22
855,Netral,hiburan,21
856,Netral,perubahan,21
857,Netral,internet,18
858,Netral,lancar,18
859,Netral,konsepnya,17
860,Netral,netflix,17
861,Netral,barusan,16
862,Netral,kebaikan,15
863,Netral,gue,14
864,Netral,tuh,14
865,Netral,bikin,13
866,Netral,jaringan,13
867,Netral,rumah,13
868,Netral,sih,13
869,Netral,tv,13
870,Netral,chill,12
871,Netral,enggak,12
872,Netral,habis,12
873,Netral,luas,12
874,Netral,mudah,12
875,Netral,bagus,11
876,Netral,paket,11
877,Netral,fasilitas,10
878,Netral,internetan,10
879,Netral,kalo,10
880,Netral,seru,10
881,Netral,takut,10
882,Netral,tema,10
883,Netral,yuk,10
884,Netral,bareng,9
885,Netral,cepat,9
886,Netral,hemat,9
887,Netral,kayak,9
888,Netral,loh,9
889,Netral,weekend,9
890,Netral,asli,8
891,Netral,cuman,8
892,Netral,iya,8
893,Netral,ragu,8
894,Netral,untung,8
895,Netral,biaya,7
896,Netral,dirumah,7
897,Netral,gila,7
898,Netral,pokoknya,7
899,Netral,semangat,7
900,Netral,setuju,7
901,Netral,stabil,7
902,Netral,streaming,7
903,Netral,suka,7
904,Netral,terbarunya,7
905,Netral,tonton,7
906,Netral,benar,6
907,Netral,buka,6
908,Netral,hidup,6
909,Netral,karena,6
910,Netral,kayaknya,6
911,Netral,langsung,6
912,Netral,promo,6
913,Netral,saya,6
914,Netral,sebutin,6
915,Netral,tau,6
916,Netral,versi,6
917,Netral,aktivitas,5
918,Netral,bebas,5
919,Netral,beragam,5
920,Netral,film,5
921,Netral,ika,5
922,Netral,ini,5
923,Netral,kali,5
924,Netral,kapan,5
925,Netral,kemajuan,5
926,Netral,kendala,5
927,Netral,live,5
928,Netral,mbps,5
929,Netral,semakin,5
930,Netral,sepakbola,5
931,Netral,tanpa,5
932,Netral,terus,5
933,Netral,tunggal,5
934,Netral,ada,4
935,Netral,ayo,4
936,Netral,bangga,4
937,Netral,betah,4
938,Netral,bhineka,4
939,Netral,dapat,4
940,Netral,dibawa,4
941,Netral,dukung,4
942,Netral,gratis,4
943,Netral,guys,4
944,Netral,ih,4
945,Netral,instalasi,4
946,Netral,itu,4
947,Netral,jitu,4
948,Netral,kagum,4
949,Netral,kecepatan,4
950,Netral,keliling,4
951,Netral,kemudahan,4
952,Netral,kuota,4
953,Netral,menarik,4
954,Netral,merchandise,4
955,Netral,online,4
956,Netral,pas,4
957,Netral,pastinya,4
958,Netral,pemasangan,4
959,Netral,pengin,4
960,Netral,produktif,4
961,Netral,sadar,4
962,Netral,seharian,4
963,Netral,terbaik,4
964,Netral,terbaruuu,4
965,Netral,video,4
966,Netral,wifi,4
967,Netral,youtube,4
968,Netral,aman,3
969,Netral,amp,3
970,Netral,bayarnya,3
971,Netral,begitu,3
972,Netral,beraneka,3
973,Netral,bersatu,3
974,Netral,btw,3
975,Netral,bundling,3
976,Netral,channel,3
977,Netral,coba,3
978,Netral,cocok,3
979,Netral,dikit,3
980,Netral,dinikmati,3
981,Netral,diskon,3
982,Netral,drakor,3
983,Netral,dunia,3
984,Netral,eh,3
985,Netral,first,3
986,Netral,gabut,3
987,Netral,game,3
988,Netral,gaya,3
989,Netral,ikan,3
990,Netral,indonesiaku,3
991,Netral,jadi,3
992,Netral,jam,3
993,Netral,juga,3
994,Netral,kak,3
995,Netral,kecepatannya,3
996,Netral,kemarin,3
997,Netral,mah,3
998,Netral,malam,3
999,Netral,manismanis,3
1000,Netral,mantab,3
1001,Netral,marathon,3
1002,Netral,menerobos,3
1003,Netral,minggu,3
1004,Netral,movie,3
1005,Netral,olahraga,3
1006,Netral,orang,3
1007,Netral,pasang,3
1008,Netral,pasangnya,3
1009,Netral,pelanggan,3
1010,Netral,pesan,3
1011,Netral,ragam,3
1012,Netral,ribu,3
1013,Netral,sabtu,3
1014,Netral,sehat,3
1015,Netral,sekeren,3
1016,Netral,sepaket,3
1017,Netral,series,3
1018,Netral,sumpah,3
1019,Netral,temanya,3
1020,Netral,terbaruberubah,3
1021,Netral,tvcnya,3
1022,Netral,wih,3
1023,Netral,wow,3
1024,Netral,yan,3
1025,Netral,adaaa,2
1026,Netral,ah,2
1027,Netral,akses,2
1028,Netral,aplikasi,2
1029,Netral,asik,2
1030,Netral,bagaimana,2
1031,Netral,bang,2
1032,Netral,baru,2
1033,Netral,bayar,2
1034,Netral,begini,2
1035,Netral,beli,2
1036,Netral,benaran,2
1037,Netral,benerbener,2
1038,Netral,berbedabeda,2
1039,Netral,berhenti,2
1040,Netral,berinovasi,2
1041,Netral,berkembang,2
1042,Netral,bihh,2
1043,Netral,biru,2
1044,Netral,bisa,2
1045,Netral,buruan,2
1046,Netral,can,2
1047,Netral,cup,2
1048,Netral,dari,2
1049,Netral,data,2
1050,Netral,dengan,2
1051,Netral,dengar,2
1052,Netral,dibantu,2
1053,Netral,dimana,2
1054,Netral,early,2
1055,Netral,favorit,2
1056,Netral,fifa,2
1057,Netral,gaboleh,2
1058,Netral,gaes,2
1059,Netral,gua,2
1060,Netral,hp,2
1061,Netral,inovasi,2
1062,Netral,istirahat,2
1063,Netral,jalan,2
1064,Netral,jaringannya,2
1065,Netral,jaya,2
1066,Netral,jiwa,2
1067,Netral,juara,2
1068,Netral,kalau,2
1069,Netral,kantor,2
1070,Netral,kaum,2
1071,Netral,keaneka,2
1072,Netral,kesehatan,2
1073,Netral,ketidakpercayaan,2
1074,Netral,ketinggalan,2
1075,Netral,komsepnya,2
1076,Netral,koneksinya,2
1077,Netral,kulit,2
1078,Netral,lagi,2
1079,Netral,lakukan,2
1080,Netral,langganan,2
1081,Netral,layanan,2
1082,Netral,lho,2
1083,Netral,maju,2
1084,Netral,masyaallah,2
1085,Netral,media,2
1086,Netral,mendukung,2
1087,Netral,mengajari,2
1088,Netral,menggambarkan,2
1089,Netral,mengikuti,2
1090,Netral,menginspirasi,2
1091,Netral,menikmati,2
1092,Netral,menyangka,2
1093,Netral,min,2
1094,Netral,mumpung,2
1095,Netral,music,2
1096,Netral,namanya,2
1097,Netral,nikmati,2
1098,Netral,oke,2
1099,Netral,penasaran,2
1100,Netral,perbedaan,2
1101,Netral,perubahannya,2
1102,Netral,piala,2
1103,Netral,plasa,2
1104,Netral,produk,2
1105,Netral,produknyasaksikan,2
1106,Netral,provider,2
1107,Netral,qatar,2
1108,Netral,ragamannya,2
1109,Netral,sebenarnya,2
1110,Netral,selamat,2
1111,Netral,shoperssatu,2
1112,Netral,shoping,2
1113,Netral,sok,2
1114,Netral,streess,2
1115,Netral,tapi,2
1116,Netral,tayang,2
1117,Netral,tayangan,2
1118,Netral,teknologi,2
1119,Netral,telkom,2
1120,Netral,teman,2
1121,Netral,terhubung,2
1122,Netral,tinggal,2
1123,Netral,top,2
1124,Netral,vidio,2
1125,Netral,wah,2
1126,Netral,wajahapa,2
1127,Netral,weee,2
1128,Netral,woii,2
1129,Netral,world,2
1130,Netral,you,2
1131,Netral,zaman,2
1132,Netral,acara,1
1133,Netral,action,1
1134,Netral,adinda,1
1135,Netral,aing,1
1136,Netral,aktifkan,1
1137,Netral,aktingnya,1
1138,Netral,aku,1
1139,Netral,akun,1
1140,Netral,always,1
1141,Netral,an,1
1142,Netral,anak,1
1143,Netral,anjay,1
1144,Netral,anjinglah,1
1145,Netral,anti,1
1146,Netral,anw,1
1147,Netral,apapun,1
1148,Netral,are,1
1149,Netral,aselik,1
1150,Netral,at,1
1151,Netral,availability,1
1152,Netral,baby,1
1153,Netral,bad,1
1154,Netral,bahagia,1
1155,Netral,baik,1
1156,Netral,bange,1
1157,Netral,bangetjangan,1
1158,Netral,bangetkan,1
1159,Netral,bangkit,1
1160,Netral,barengbareng,1
1161,Netral,bari,1
1162,Netral,barunyaa,1
1163,Netral,baruuu,1
1164,Netral,batas,1
1165,Netral,batasan,1
1166,Netral,bawa,1
1167,Netral,bayangkan,1
1168,Netral,be,1
1169,Netral,beautiful,1
1170,Netral,beda,1
1171,Netral,belum,1
1172,Netral,benahkan,1
1173,Netral,benarbenar,1
1174,Netral,bening,1
1175,Netral,beranekaragam,1
1176,Netral,berartii,1
1177,Netral,berbasis,1
1178,Netral,berbuat,1
1179,Netral,berdaya,1
1180,Netral,bergerak,1
1181,Netral,berjalan,1
1182,Netral,berkah,1
1183,Netral,berkarya,1
1184,Netral,berkat,1
1185,Netral,berkelas,1
1186,Netral,berkualitass,1
1187,Netral,berlamalama,1
1188,Netral,berlangganan,1
1189,Netral,berubahlah,1
1190,Netral,besaaar,1
1191,Netral,besstt,1
1192,Netral,best,1
1193,Netral,beutt,1
1194,Netral,bhinneka,1
1195,Netral,biar,1
1196,Netral,bioskop,1
1197,Netral,biznet,1
1198,Netral,bola,1
1199,Netral,box,1
1200,Netral,brand,1
1201,Netral,bread,1
1202,Netral,browing,1
1203,Netral,bu,1
1204,Netral,buffering,1
1205,Netral,buruaaannn,1
1206,Netral,buruaan,1
1207,Netral,butuh,1
1208,Netral,buy,1
1209,Netral,cakep,1
1210,Netral,canggih,1
1211,Netral,cant,1
1212,Netral,cari,1
1213,Netral,cepatan,1
1214,Netral,cepatnya,1
1215,Netral,cerita,1
1216,Netral,change,1
1217,Netral,chat,1
1218,Netral,chattingan,1
1219,Netral,cintamani,1
1220,Netral,connection,1
1221,Netral,contohnya,1
1222,Netral,cra,1
1223,Netral,cussss,1
1224,Netral,cuy,1
1225,Netral,daerah,1
1226,Netral,daftar,1
1227,Netral,dair,1
1228,Netral,dapatnya,1
1229,Netral,day,1
1230,Netral,dehapalagi,1
1231,Netral,dengarkan,1
1232,Netral,diajak,1
1233,Netral,diakhir,1
1234,Netral,diakses,1
1235,Netral,diaplikasi,1
1236,Netral,diberdayakan,1
1237,Netral,dibutuhin,1
1238,Netral,digital,1
1239,Netral,dikantor,1
1240,Netral,dikirain,1
1241,Netral,diliatliat,1
1242,Netral,dilihat,1
1243,Netral,diluar,1
1244,Netral,dinikmatiii,1
1245,Netral,dipakai,1
1246,Netral,dirasakan,1
1247,Netral,diregulasikan,1
1248,Netral,disajikan,1
1249,Netral,disegel,1
1250,Netral,dlaptop,1
1251,Netral,doang,1
1252,Netral,download,1
1253,Netral,drama,1
1254,Netral,dsri,1
1255,Netral,duduk,1
1256,Netral,edit,1
1257,Netral,edukasinya,1
1258,Netral,elon,1
1259,Netral,emak,1
1260,Netral,enak,1
1261,Netral,enaknya,1
1262,Netral,engah,1
1263,Netral,eq,1
1264,Netral,every,1
1265,Netral,excited,1
1266,Netral,faaaggghhh,1
1267,Netral,fakta,1
1268,Netral,fan,1
1269,Netral,farel,1
1270,Netral,favorite,1
1271,Netral,favoritku,1
1272,Netral,fiber,1
1273,Netral,filmfilm,1
1274,Netral,free,1
1275,Netral,fresh,1
1276,Netral,fressh,1
1277,Netral,from,1
1278,Netral,gaessss,1
1279,Netral,gaiss,1
1280,Netral,gambar,1
1281,Netral,gamood,1
1282,Netral,gasi,1
1283,Netral,gengges,1
1284,Netral,gengs,1
1285,Netral,gengster,1
1286,Netral,gess,1
1287,Netral,gimananya,1
1288,Netral,goks,1
1289,Netral,good,1
1290,Netral,gtv,1
1291,Netral,haihaiiitau,1
1292,Netral,halo,1
1293,Netral,hape,1
1294,Netral,harga,1
1295,Netral,hari,1
1296,Netral,having,1
1297,Netral,hayo,1
1298,Netral,healing,1
1299,Netral,hhahaha,1
1300,Netral,hihi,1
1301,Netral,hmm,1
1302,Netral,how,1
1303,Netral,huhuhu,1
1304,Netral,hujan,1
1305,Netral,i,1
1306,Netral,idola,1
1307,Netral,incognito,1
1308,Netral,incorr,1
1309,Netral,indohome,1
1310,Netral,informasi,1
1311,Netral,inspirasi,1
1312,Netral,international,1
1313,Netral,is,1
1314,Netral,isi,1
1315,Netral,istirahatnya,1
1316,Netral,jaehyun,1
1317,Netral,jalanjalan,1
1318,Netral,jangkauannya,1
1319,Netral,jawabannya,1
1320,Netral,jebol,1
1321,Netral,jeje,1
1322,Netral,jelek,1
1323,Netral,jernih,1
1324,Netral,jual,1
1325,Netral,kabar,1
1326,Netral,kakak,1
1327,Netral,kalong,1
1328,Netral,kamar,1
1329,Netral,kamjuan,1
1330,Netral,kartunnya,1
1331,Netral,karya,1
1332,Netral,kasih,1
1333,Netral,kasihtau,1
1334,Netral,kebajikan,1
1335,Netral,kebangetan,1
1336,Netral,kebanggaan,1
1337,Netral,keberagaman,1
1338,Netral,kece,1
1339,Netral,kekuar,1
1340,Netral,kelihtannya,1
1341,Netral,kemunduran,1
1342,Netral,kenal,1
1343,Netral,kepada,1
1344,Netral,keperluan,1
1345,Netral,keragaman,1
1346,Netral,keragamannya,1
1347,Netral,kerenbanget,1
1348,Netral,kereng,1
1349,Netral,kerensemua,1
1350,Netral,kerja,1
1351,Netral,keseruan,1
1352,Netral,ketemu,1
1353,Netral,ketidak,1
1354,Netral,keunggulannya,1
1355,Netral,koh,1
1356,Netral,komputer,1
1357,Netral,koneksi,1
1358,Netral,konsepnyakalo,1
1359,Netral,konseppp,1
1360,Netral,konsisten,1
1361,Netral,konten,1
1362,Netral,kreativitas,1
1363,Netral,ku,1
1364,Netral,kualitas,1
1365,Netral,kuat,1
1366,Netral,lagu,1
1367,Netral,lainny,1
1368,Netral,landsekap,1
1369,Netral,langkahlangkah,1
1370,Netral,launching,1
1371,Netral,lemod,1
1372,Netral,lemot,1
1373,Netral,liburan,1
1374,Netral,link,1
1375,Netral,list,1
1376,Netral,little,1
1377,Netral,lo,1
1378,Netral,lohhhberubah,1
1379,Netral,lol,1
1380,Netral,loversuseeprime,1
1381,Netral,mabar,1
1382,Netral,mahal,1
1383,Netral,main,1
1384,Netral,majiw,1
1385,Netral,makan,1
1386,Netral,makna,1
1387,Netral,maksimal,1
1388,Netral,manfaatin,1
1389,Netral,mantapss,1
1390,Netral,mantapsss,1
1391,Netral,mari,1
1392,Netral,marketing,1
1393,Netral,masang,1
1394,Netral,masih,1
1395,Netral,masuk,1
1396,Netral,mbak,1
1397,Netral,meditasi,1
1398,Netral,melawak,1
1399,Netral,melihat,1
1400,Netral,melihati,1
1401,Netral,memakai,1
1402,Netral,membangun,1
1403,Netral,memiliki,1
1404,Netral,memotivasi,1
1405,Netral,menampilkan,1
1406,Netral,mencoba,1
1407,Netral,mending,1
1408,Netral,mengalami,1
1409,Netral,mengasah,1
1410,Netral,menghadapi,1
1411,Netral,menghitung,1
1412,Netral,menguntungkan,1
1413,Netral,mengurus,1
1414,Netral,menonjolkan,1
1415,Netral,menyadari,1
1416,Netral,menyadarkanku,1
1417,Netral,menyajikan,1
1418,Netral,menyaksikan,1
1419,Netral,menyebalkan,1
1420,Netral,menyebar,1
1421,Netral,merah,1
1422,Netral,merasakan,1
1423,Netral,merauke,1
1424,Netral,merubah,1
1425,Netral,meyesuaikan,1
1426,Netral,milenial,1
1427,Netral,miminnya,1
1428,Netral,mitos,1
1429,Netral,mix,1
1430,Netral,mnc,1
1431,Netral,modal,1
1432,Netral,mode,1
1433,Netral,model,1
1434,Netral,modelnya,1
1435,Netral,modemnya,1
1436,Netral,modern,1
1437,Netral,move,1
1438,Netral,muda,1
1439,Netral,mulu,1
1440,Netral,murah,1
1441,Netral,my,1
1442,Netral,n,1
1443,Netral,nalar,1
1444,Netral,natural,1
1445,Netral,neechan,1
1446,Netral,ngapangapain,1
1447,Netral,ngatasin,1
1448,Netral,ngegame,1
1449,Netral,ngeluh,1
1450,Netral,nihhhhh,1
1451,Netral,ninghadiyati,1
1452,Netral,njer,1
1453,Netral,noh,1
1454,Netral,nontonnya,1
1455,Netral,november,1
1456,Netral,nungguinnya,1
1457,Netral,nyanyi,1
1458,Netral,nyediain,1
1459,Netral,office,1
1460,Netral,ok,1
1461,Netral,om,1
1462,Netral,omgg,1
1463,Netral,on,1
1464,Netral,orbitnya,1
1465,Netral,organik,1
1466,Netral,ormas,1
1467,Netral,pacar,1
1468,Netral,paketan,1
1469,Netral,parah,1
1470,Netral,peduli,1
1471,Netral,pegawai,1
1472,Netral,pejuang,1
1473,Netral,pembaruan,1
1474,Netral,pengertian,1
1475,Netral,penggunanya,1
1476,Netral,percayaan,1
1477,Netral,perdana,1
1478,Netral,perhatian,1
1479,Netral,pernah,1
1480,Netral,persis,1
1481,Netral,pertandingan,1
1482,Netral,pesulap,1
1483,Netral,pikir,1
1484,Netral,pilihan,1
1485,Netral,pindah,1
1486,Netral,place,1
1487,Netral,please,1
1488,Netral,plis,1
1489,Netral,pls,1
1490,Netral,pokok,1
1491,Netral,pol,1
1492,Netral,praktis,1
1493,Netral,proooooooo,1
1494,Netral,puas,1
1495,Netral,rahasia,1
1496,Netral,rcti,1
1497,Netral,reaction,1
1498,Netral,reformasi,1
1499,Netral,restart,1
1500,Netral,rilis,1
1501,Netral,ruang,1
1502,Netral,sabang,1
1503,Netral,sabar,1
1504,Netral,sampai,1
1505,Netral,sangat,1
1506,Netral,sangatt,1
1507,Netral,sapusapu,1
1508,Netral,sd,1
1509,Netral,seantero,1
1510,Netral,sebagai,1
1511,Netral,sebulan,1
1512,Netral,sedih,1
1513,Netral,sedihan,1
1514,Netral,segar,1
1515,Netral,segini,1
1516,Netral,sejenis,1
1517,Netral,selalu,1
1518,Netral,seluas,1
1519,Netral,semoga,1
1520,Netral,sempat,1
1521,Netral,semurah,1
1522,Netral,senang,1
1523,Netral,seprti,1
1524,Netral,sesedih,1
1525,Netral,siang,1
1526,Netral,simpan,1
1527,Netral,sinematografik,1
1528,Netral,slogan,1
1529,Netral,sobat,1
1530,Netral,spechless,1
1531,Netral,speed,1
1532,Netral,spesial,1
1533,Netral,spotv,1
1534,Netral,starlink,1
1535,Netral,suho,1
1536,Netral,super,1
1537,Netral,susah,1
1538,Netral,tagihan,1
1539,Netral,tagihannya,1
1540,Netral,tambak,1
1541,Netral,tamu,1
1542,Netral,tanggal,1
1543,Netral,tantangan,1
1544,Netral,tayangantayangan,1
1545,Netral,tcv,1
1546,Netral,teknisi,1
1547,Netral,tenar,1
1548,Netral,terbaikkkk,1
1549,Netral,terbarukeren,1
1550,Netral,terdepan,1
1551,Netral,terima,1
1552,Netral,terjangkau,1
1553,Netral,terkesan,1
1554,Netral,ternyaa,1
1555,Netral,ternyatasugooiii,1
1556,Netral,tersebut,1
1557,Netral,teruslah,1
1558,Netral,the,1
1559,Netral,thee,1
1560,Netral,tidur,1
1561,Netral,tim,1
1562,Netral,timnasindonesia,1
1563,Netral,tingkatkan,1
1564,Netral,tolol,1
1565,Netral,topss,1
1566,Netral,totalitas,1
1567,Netral,tua,1
1568,Netral,tumbuh,1
1569,Netral,tunggu,1
1570,Netral,tvod,1
1571,Netral,twt,1
1572,Netral,up,1
1573,Netral,usee,1
1574,Netral,useetv,1
1575,Netral,utari,1
1576,Netral,via,1
1577,Netral,videocall,1
1578,Netral,vision,1
1579,Netral,waaah,1
1580,Netral,wakanda,1
1581,Netral,warga,1
1582,Netral,wasidaw,1
1583,Netral,we,1
1584,Netral,wehh,1
1585,Netral,wellplayed,1
1586,Netral,widihhhhhh,1
1587,Netral,wkwk,1
1588,Netral,wkwkkwkwkw,1
1589,Netral,wuah,1
1590,Netral,yaaampun,1
1591,Netral,yahsaksikan,1
1592,Netral,yeayyyy,1
1593,Netral,yess,1
1594,Netral,yt,1
1595,Netral,yuukkk,1
1596,Positif,tvc,78
1597,Positif,kak,77
1598,Positif,layanan,53
1599,Positif,ya,52
1600,Positif,nomor,44
1601,Positif,keren,41
1602,Positif,pemilik,38
1603,Positif,nih,37
1604,Positif,dm,36
1605,Positif,internet,35
1606,Positif,berubah,34
1607,Positif,tagihan,33
1608,Positif,banget,32
1609,Positif,terbaru,32
1610,Positif,yuk,32
1611,Positif,hai,31
1612,Positif,ayunk,30
1613,Positif,alamat,28
1614,Positif,kasih,27
1615,Positif,kebaikan,26
1616,Positif,terima,26
1617,Positif,relasi,25
1618,Positif,tema,25
1619,Positif,tv,24
1620,Positif,perubahan,22
1621,Positif,yang,22
1622,Positif,kayak,21
1623,Positif,nya,21
1624,Positif,sobat,21
1625,Positif,dibantu,20
1626,Positif,via,20
1627,Positif,pas,19
1628,Positif,dengan,18
1629,Positif,seputar,18
1630,Positif,speed,17
1631,Positif,dibayarkan,16
1632,Positif,indonesia,16
1633,Positif,lengkap,16
1634,Positif,nama,16
1635,Positif,sih,16
1636,Positif,akun,14
1637,Positif,aplikasi,14
1638,Positif,detailnya,14
1639,Positif,hp,14
1640,Positif,kakak,14
1641,Positif,semangat,14
1642,Positif,setuju,14
1643,Positif,tanggal,14
1644,Positif,channel,13
1645,Positif,lihat,13
1646,Positif,memang,13
1647,Positif,frans,12
1648,Positif,sesuai,12
1649,Positif,adhan,11
1650,Positif,detail,11
1651,Positif,infoin,11
1652,Positif,laporannya,11
1653,Positif,lunas,11
1654,Positif,mantap,11
1655,Positif,the,11
1656,Positif,folknation,10
1657,Positif,iya,10
1658,Positif,caption,9
1659,Positif,laporan,9
1660,Positif,mandiri,9
1661,Positif,on,9
1662,Positif,silakan,9
1663,Positif,terbaik,9
1664,Positif,aktifkan,8
1665,Positif,bulannya,8
1666,Positif,cek,8
1667,Positif,demand,8
1668,Positif,fitur,8
1669,Positif,halo,8
1670,Positif,kebutuhan,8
1671,Positif,konsep,8
1672,Positif,konten,8
1673,Positif,minipack,8
1674,Positif,november,8
1675,Positif,ponselnya,8
1676,Positif,promo,8
1677,Positif,sod,8
1678,Positif,upgrade,8
1679,Positif,alternatif,7
1680,Positif,bantu,7
1681,Positif,benar,7
1682,Positif,enggak,7
1683,Positif,ervien,7
1684,Positif,gaes,7
1685,Positif,informasi,7
1686,Positif,permintaan,7
1687,Positif,registrasi,7
1688,Positif,upload,7
1689,Positif,bayar,6
1690,Positif,buruan,6
1691,Positif,dapat,6
1692,Positif,data,6
1693,Positif,episode,6
1694,Positif,jaringan,6
1695,Positif,kabar,6
1696,Positif,kalo,6
1697,Positif,kesempatan,6
1698,Positif,ketinggalan,6
1699,Positif,mencari,6
1700,Positif,produk,6
1701,Positif,solusikan,6
1702,Positif,streaming,6
1703,Positif,sudah,6
1704,Positif,tuh,6
1705,Positif,utama,6
1706,Positif,amp,5
1707,Positif,android,5
1708,Positif,annyeonghaseyo,5
1709,Positif,bandung,5
1710,Positif,bentuk,5
1711,Positif,berani,5
1712,Positif,berlangganan,5
1713,Positif,competition,5
1714,Positif,event,5
1715,Positif,hastag,5
1716,Positif,hello,5
1717,Positif,infokan,5
1718,Positif,informasikan,5
1719,Positif,ios,5
1720,Positif,jatuh,5
1721,Positif,keyword,5
1722,Positif,kidcc,5
1723,Positif,kpop,5
1724,Positif,kreasikan,5
1725,Positif,lovers,5
1726,Positif,max,5
1727,Positif,media,5
1728,Positif,menyambangi,5
1729,Positif,min,5
1730,Positif,mohon,5
1731,Positif,music,5
1732,Positif,my,5
1733,Positif,of,5
1734,Positif,otto,5
1735,Positif,pastinya,5
1736,Positif,pemasangan,5
1737,Positif,prime,5
1738,Positif,semenarik,5
1739,Positif,sosial,5
1740,Positif,stream,5
1741,Positif,tau,5
1742,Positif,tayang,5
1743,Positif,temporer,5
1744,Positif,tim,5
1745,Positif,usee,5
1746,Positif,useetv,5
1747,Positif,video,5
1748,Positif,bang,4
1749,Positif,barusan,4
1750,Positif,best,4
1751,Positif,coba,4
1752,Positif,denda,4
1753,Positif,guys,4
1754,Positif,hadir,4
1755,Positif,inditainment,4
1756,Positif,ini,4
1757,Positif,konsepnya,4
1758,Positif,mantul,4
1759,Positif,menarik,4
1760,Positif,p,4
1761,Positif,paket,4
1762,Positif,pembayaran,4
1763,Positif,richi,4
1764,Positif,saja,4
1765,Positif,takut,4
1766,Positif,tempo,4
1767,Positif,terisolir,4
1768,Positif,tvnya,4
1769,Positif,akhiran,3
1770,Positif,aktif,3
1771,Positif,anak,3
1772,Positif,androidios,3
1773,Positif,apps,3
1774,Positif,aura,3
1775,Positif,ayo,3
1776,Positif,bangga,3
1777,Positif,berbeda,3
1778,Positif,bundling,3
1779,Positif,cashback,3
1780,Positif,checkout,3
1781,Positif,digital,3
1782,Positif,diinformasikan,3
1783,Positif,dikabarin,3
1784,Positif,dikenakan,3
1785,Positif,fiber,3
1786,Positif,free,3
1787,Positif,gem,3
1788,Positif,harbolnas,3
1789,Positif,i,3
1790,Positif,ika,3
1791,Positif,indonesiaku,3
1792,Positif,is,3
1793,Positif,karena,3
1794,Positif,loh,3
1795,Positif,lupa,3
1796,Positif,me,3
1797,Positif,menarikbuat,3
1798,Positif,mengajak,3
1799,Positif,minimal,3
1800,Positif,netflix,3
1801,Positif,pagii,3
1802,Positif,pelayanan,3
1803,Positif,perangkat,3
1804,Positif,pokoknya,3
1805,Positif,registrasinya,3
1806,Positif,rezeki,3
1807,Positif,riez,3
1808,Positif,rumah,3
1809,Positif,sadar,3
1810,Positif,saksikan,3
1811,Positif,semoga,3
1812,Positif,store,3
1813,Positif,tapi,3
1814,Positif,telat,3
1815,Positif,telepon,3
1816,Positif,terbarunya,3
1817,Positif,tibatiba,3
1818,Positif,tindak,3
1819,Positif,tolong,3
1820,Positif,tonton,3
1821,Positif,tunggal,3
1822,Positif,world,3
1823,Positif,a,2
1824,Positif,admin,2
1825,Positif,ah,2
1826,Positif,already,2
1827,Positif,alternatifnya,2
1828,Positif,aniplus,2
1829,Positif,arah,2
1830,Positif,ardianto,2
1831,Positif,bad,2
1832,Positif,bagaimana,2
1833,Positif,bagus,2
1834,Positif,bapakibu,2
1835,Positif,beda,2
1836,Positif,beraneka,2
1837,Positif,bersama,2
1838,Positif,bhinekatunggalika,2
1839,Positif,bikin,2
1840,Positif,budaya,2
1841,Positif,cakep,2
1842,Positif,care,2
1843,Positif,cepat,2
1844,Positif,daerah,2
1845,Positif,dari,2
1846,Positif,deh,2
1847,Positif,diplomat,2
1848,Positif,disneyhotstar,2
1849,Positif,drama,2
1850,Positif,dukungan,2
1851,Positif,enak,2
1852,Positif,era,2
1853,Positif,error,2
1854,Positif,game,2
1855,Positif,hi,2
1856,Positif,home,2
1857,Positif,homie,2
1858,Positif,ig,2
1859,Positif,isp,2
1860,Positif,istri,2
1861,Positif,jangan,2
1862,Positif,kabel,2
1863,Positif,kali,2
1864,Positif,kamu,2
1865,Positif,kawan,2
1866,Positif,kecepatan,2
1867,Positif,kenzo,2
1868,Positif,keragaman,2
1869,Positif,kitchen,2
1870,Positif,kode,2
1871,Positif,kondisi,2
1872,Positif,kontent,2
1873,Positif,lanjuti,2
1874,Positif,last,2
1875,Positif,lu,2
1876,Positif,luas,2
1877,Positif,maaf,2
1878,Positif,mah,2
1879,Positif,malam,2
1880,Positif,mantapppp,2
1881,Positif,margin,2
1882,Positif,masuk,2
1883,Positif,masyarakat,2
1884,Positif,mbps,2
1885,Positif,membayar,2
1886,Positif,membuka,2
1887,Positif,memiliki,2
1888,Positif,mocos,2
1889,Positif,muda,2
1890,Positif,muncul,2
1891,Positif,musa,2
1892,Positif,nikmati,2
1893,Positif,nyaman,2
1894,Positif,oh,2
1895,Positif,online,2
1896,Positif,other,2
1897,Positif,pelanggan,2
1898,Positif,play,2
1899,Positif,provider,2
1900,Positif,ragam,2
1901,Positif,ragu,2
1902,Positif,revenger,2
1903,Positif,riza,2
1904,Positif,rona,2
1905,Positif,salah,2
1906,Positif,sampai,2
1907,Positif,satunya,2
1908,Positif,sekarang,2
1909,Positif,seru,2
1910,Positif,sesuaijgn,2
1911,Positif,spesifik,2
1912,Positif,story,2
1913,Positif,telkom,2
1914,Positif,this,2
1915,Positif,time,2
1916,Positif,travel,2
1917,Positif,versi,2
1918,Positif,viu,2
1919,Positif,wifi,2
1920,Positif,wilayah,2
1921,Positif,yan,2
1922,Positif,account,1
1923,Positif,ada,1
1924,Positif,air,1
1925,Positif,aisah,1
1926,Positif,akses,1
1927,Positif,aku,1
1928,Positif,alasan,1
1929,Positif,alasannya,1
1930,Positif,alby,1
1931,Positif,all,1
1932,Positif,ambis,1
1933,Positif,amel,1
1934,Positif,ampun,1
1935,Positif,and,1
1936,Positif,andi,1
1937,Positif,angka,1
1938,Positif,anteng,1
1939,Positif,app,1
1940,Positif,ariev,1
1941,Positif,around,1
1942,Positif,asiiiik,1
1943,Positif,asli,1
1944,Positif,ass,1
1945,Positif,assurance,1
1946,Positif,at,1
1947,Positif,avy,1
1948,Positif,axn,1
1949,Positif,baca,1
1950,Positif,bagusnya,1
1951,Positif,baju,1
1952,Positif,bangeuuutt,1
1953,Positif,bangkit,1
1954,Positif,bangsa,1
1955,Positif,bangtt,1
1956,Positif,batas,1
1957,Positif,bayangkan,1
1958,Positif,beautiful,1
1959,Positif,begini,1
1960,Positif,belajar,1
1961,Positif,beli,1
1962,Positif,belum,1
1963,Positif,benerrr,1
1964,Positif,bepergian,1
1965,Positif,beragam,1
1966,Positif,berantas,1
1967,Positif,berapa,1
1968,Positif,berbedabeda,1
1969,Positif,bergerak,1
1970,Positif,berkarya,1
1971,Positif,berlanggan,1
1972,Positif,bersahabat,1
1973,Positif,bersamasama,1
1974,Positif,bersame,1
1975,Positif,berupaya,1
1976,Positif,bhineka,1
1977,Positif,bhinneka,1
1978,Positif,biar,1
1979,Positif,biggest,1
1980,Positif,bilang,1
1981,Positif,bineka,1
1982,Positif,bingung,1
1983,Positif,biru,1
1984,Positif,bismillah,1
1985,Positif,blly,1
1986,Positif,box,1
1987,Positif,broadband,1
1988,Positif,buka,1
1989,Positif,bunyi,1
1990,Positif,but,1
1991,Positif,butuh,1
1992,Positif,butuhkan,1
1993,Positif,byod,1
1994,Positif,cakupan,1
1995,Positif,caper,1
1996,Positif,capex,1
1997,Positif,card,1
1998,Positif,cari,1
1999,Positif,cc,1
2000,Positif,cemilan,1
2001,Positif,ceritain,1
2002,Positif,cinema,1
2003,Positif,close,1
2004,Positif,connected,1
2005,Positif,create,1
2006,Positif,csimiami,1
2007,Positif,cup,1
2008,Positif,customer,1
2009,Positif,cuy,1
2010,Positif,daftar,1
2011,Positif,dajjal,1
2012,Positif,dalam,1
2013,Positif,damirul,1
2014,Positif,datadatanya,1
2015,Positif,dedy,1
2016,Positif,dengarkan,1
2017,Positif,denism,1
2018,Positif,depannya,1
2019,Positif,device,1
2020,Positif,dewasa,1
2021,Positif,dibalas,1
2022,Positif,dibaliknya,1
2023,Positif,dibawa,1
2024,Positif,dibayar,1
2025,Positif,didnt,1
2026,Positif,didukung,1
2027,Positif,dihindarkan,1
2028,Positif,dimana,1
2029,Positif,dimintakan,1
2030,Positif,dipahami,1
2031,Positif,diperpanjang,1
2032,Positif,disetiap,1
2033,Positif,disuruh,1
2034,Positif,ditanyain,1
2035,Positif,ditengah,1
2036,Positif,ditonton,1
2037,Positif,ditugaskan,1
2038,Positif,ditunggu,1
2039,Positif,dont,1
2040,Positif,downgrade,1
2041,Positif,dual,1
2042,Positif,dunia,1
2043,Positif,dustin,1
2044,Positif,duta,1
2045,Positif,early,1
2046,Positif,ebitda,1
2047,Positif,eh,1
2048,Positif,eka,1
2049,Positif,email,1
2050,Positif,enhanced,1
2051,Positif,enterprise,1
2052,Positif,etnik,1
2053,Positif,euy,1
2054,Positif,eyes,1
2055,Positif,farhan,1
2056,Positif,farmrelated,1
2057,Positif,fasilitasnya,1
2058,Positif,febri,1
2059,Positif,fifa,1
2060,Positif,fikar,1
2061,Positif,finally,1
2062,Positif,firman,1
2063,Positif,fixed,1
2064,Positif,flamboyan,1
2065,Positif,for,1
2066,Positif,friday,1
2067,Positif,fucking,1
2068,Positif,gaesss,1
2069,Positif,gakperlu,1
2070,Positif,gamers,1
2071,Positif,ge,1
2072,Positif,gembira,1
2073,Positif,gembirasekarang,1
2074,Positif,gessss,1
2075,Positif,god,1
2076,Positif,gone,1
2077,Positif,gotten,1
2078,Positif,gua,1
2079,Positif,habis,1
2080,Positif,halfdemon,1
2081,Positif,hali,1
2082,Positif,hangat,1
2083,Positif,hanifal,1
2084,Positif,hapus,1
2085,Positif,harapan,1
2086,Positif,harga,1
2087,Positif,hayo,1
2088,Positif,hehe,1
2089,Positif,heran,1
2090,Positif,heubat,1
2091,Positif,hilda,1
2092,Positif,history,1
2093,Positif,hooh,1
2094,Positif,hour,1
2095,Positif,hubungannya,1
2096,Positif,hujan,1
2097,Positif,id,1
2098,Positif,iflix,1
2099,Positif,ih,1
2100,Positif,ikuti,1
2101,Positif,imam,1
2102,Positif,imbalan,1
2103,Positif,improved,1
2104,Positif,indimovie,1
2105,Positif,ininih,1
2106,Positif,inner,1
2107,Positif,inspirasi,1
2108,Positif,instalasi,1
2109,Positif,interaktif,1
2110,Positif,internettelepon,1
2111,Positif,its,1
2112,Positif,itu,1
2113,Positif,ive,1
2114,Positif,izin,1
2115,Positif,jadwal,1
2116,Positif,jakarta,1
2117,Positif,jam,1
2118,Positif,jawa,1
2119,Positif,jawabannya,1
2120,Positif,jaya,1
2121,Positif,jenuh,1
2122,Positif,jonten,1
2123,Positif,juara,1
2124,Positif,jujur,1
2125,Positif,kagum,1
2126,Positif,kakaknya,1
2127,Positif,kan,1
2128,Positif,kantornya,1
2129,Positif,karyawan,1
2130,Positif,kbs,1
2131,Positif,kearah,1
2132,Positif,keberagama,1
2133,Positif,keberagaman,1
2134,Positif,keburukan,1
2135,Positif,kece,1
2136,Positif,kedepannya,1
2137,Positif,kegiatan,1
2138,Positif,kelanjutan,1
2139,Positif,keluar,1
2140,Positif,keluarkan,1
2141,Positif,keluasan,1
2142,Positif,keluhanmu,1
2143,Positif,keluhannya,1
2144,Positif,kemana,1
2145,Positif,kemarin,1
2146,Positif,kemudahan,1
2147,Positif,kenyamananmu,1
2148,Positif,kepadatan,1
2149,Positif,kerja,1
2150,Positif,kerjasamanya,1
2151,Positif,keterpurukan,1
2152,Positif,keunggulannya,1
2153,Positif,keyboardist,1
2154,Positif,khusus,1
2155,Positif,kompetisi,1
2156,Positif,koneksi,1
2157,Positif,konfirmasi,1
2158,Positif,konflik,1
2159,Positif,kongkalikong,1
2160,Positif,konsisten,1
2161,Positif,lady,1
2162,Positif,lagi,1
2163,Positif,lah,1
2164,Positif,lakukan,1
2165,Positif,lambang,1
2166,Positif,lambat,1
2167,Positif,langganan,1
2168,Positif,langsung,1
2169,Positif,late,1
2170,Positif,launching,1
2171,Positif,layaknya,1
2172,Positif,layanannya,1
2173,Positif,lebih,1
2174,Positif,lembaran,1
2175,Positif,lewatkan,1
2176,Positif,lhobagi,1
2177,Positif,lhoh,1
2178,Positif,lipat,1
2179,Positif,listrik,1
2180,Positif,love,1
2181,Positif,magang,1
2182,Positif,mahal,1
2183,Positif,mahar,1
2184,Positif,main,1
2185,Positif,makna,1
2186,Positif,maksudnya,1
2187,Positif,mari,1
2188,Positif,masukan,1
2189,Positif,melebihi,1
2190,Positif,melihat,1
2191,Positif,memasukkan,1
2192,Positif,membawa,1
2193,Positif,membela,1
2194,Positif,memberdayakan,1
2195,Positif,menariknya,1
2196,Positif,menawarkan,1
2197,Positif,mendampingi,1
2198,Positif,mengangkat,1
2199,Positif,mengatur,1
2200,Positif,menghubungi,1
2201,Positif,menginformasikan,1
2202,Positif,mengira,1
2203,Positif,mengupayakan,1
2204,Positif,menikmati,1
2205,Positif,menjamin,1
2206,Positif,menonton,1
2207,Positif,menyatukan,1
2208,Positif,menyebalkan,1
2209,Positif,menyesal,1
2210,Positif,menyimak,1
2211,Positif,merah,1
2212,Positif,mewujudkannya,1
2213,Positif,milo,1
2214,Positif,minat,1
2215,Positif,minggu,1
2216,Positif,mitha,1
2217,Positif,model,1
2218,Positif,mood,1
2219,Positif,mu,1
2220,Positif,multitalent,1
2221,Positif,musik,1
2222,Positif,muslim,1
2223,Positif,mutiara,1
2224,Positif,nada,1
2225,Positif,naik,1
2226,Positif,narasumber,1
2227,Positif,need,1
2228,Positif,negara,1
2229,Positif,negaramarket,1
2230,Positif,network,1
2231,Positif,new,1
2232,Positif,ngurusi,1
2233,Positif,noction,1
2234,Positif,now,1
2235,Positif,nurul,1
2236,Positif,nusantara,1
2237,Positif,nusantarabravo,1
2238,Positif,nyata,1
2239,Positif,nyediain,1
2240,Positif,ok,1
2241,Positif,oktober,1
2242,Positif,olahraga,1
2243,Positif,onepiece,1
2244,Positif,only,1
2245,Positif,operator,1
2246,Positif,oplet,1
2247,Positif,orang,1
2248,Positif,out,1
2249,Positif,owyeah,1
2250,Positif,paid,1
2251,Positif,pangilan,1
2252,Positif,parade,1
2253,Positif,parody,1
2254,Positif,pasang,1
2255,Positif,pasar,1
2256,Positif,pastikan,1
2257,Positif,pecinta,1
2258,Positif,pekerjaan,1
2259,Positif,pelaporan,1
2260,Positif,pelosok,1
2261,Positif,pembiaran,1
2262,Positif,pemerintah,1
2263,Positif,penasaran,1
2264,Positif,penduduknya,1
2265,Positif,penerima,1
2266,Positif,penetrasi,1
2267,Positif,people,1
2268,Positif,perbaikan,1
2269,Positif,perbincangan,1
2270,Positif,pertandingan,1
2271,Positif,pertanyaannya,1
2272,Positif,peter,1
2273,Positif,phone,1
2274,Positif,piala,1
2275,Positif,pikirannya,1
2276,Positif,pilih,1
2277,Positif,pilihan,1
2278,Positif,ping,1
2279,Positif,pintar,1
2280,Positif,place,1
2281,Positif,pol,1
2282,Positif,poll,1
2283,Positif,positif,1
2284,Positif,ppn,1
2285,Positif,praktek,1
2286,Positif,prama,1
2287,Positif,princess,1
2288,Positif,proses,1
2289,Positif,punten,1
2290,Positif,qatar,1
2291,Positif,raffi,1
2292,Positif,ranch,1
2293,Positif,rasio,1
2294,Positif,raven,1
2295,Positif,regret,1
2296,Positif,relasihubungan,1
2297,Positif,relatif,1
2298,Positif,release,1
2299,Positif,rendah,1
2300,Positif,resmi,1
2301,Positif,restarted,1
2302,Positif,revina,1
2303,Positif,ribu,1
2304,Positif,rii,1
2305,Positif,rio,1
2306,Positif,router,1
2307,Positif,saking,1
2308,Positif,sampingan,1
2309,Positif,sangat,1
2310,Positif,satelit,1
2311,Positif,sayang,1
2312,Positif,sebagai,1
2313,Positif,secret,1
2314,Positif,segampang,1
2315,Positif,sekali,1
2316,Positif,selalu,1
2317,Positif,selamat,1
2318,Positif,selasa,1
2319,Positif,selatan,1
2320,Positif,selengkapnya,1
2321,Positif,selulernya,1
2322,Positif,senada,1
2323,Positif,seni,1
2324,Positif,serius,1
2325,Positif,serukan,1
2326,Positif,service,1
2327,Positif,setia,1
2328,Positif,setujuu,1
2329,Positif,silang,1
2330,Positif,sim,1
2331,Positif,simak,1
2332,Positif,since,1
2333,Positif,sinyal,1
2334,Positif,skills,1
2335,Positif,skinwalker,1
2336,Positif,slogan,1
2337,Positif,smart,1
2338,Positif,sok,1
2339,Positif,solution,1
2340,Positif,some,1
2341,Positif,somehow,1
2342,Positif,soo,1
2343,Positif,stabil,1
2344,Positif,starlink,1
2345,Positif,stb,1
2346,Positif,still,1
2347,Positif,stop,1
2348,Positif,stronger,1
2349,Positif,stupid,1
2350,Positif,suka,1
2351,Positif,sulit,1
2352,Positif,sumpah,1
2353,Positif,super,1
2354,Positif,surabaya,1
2355,Positif,susah,1
2356,Positif,tampil,1
2357,Positif,tangsel,1
2358,Positif,tarif,1
2359,Positif,tekad,1
2360,Positif,teknisi,1
2361,Positif,tembus,1
2362,Positif,temporersementara,1
2363,Positif,temukan,1
2364,Positif,tenesa,1
2365,Positif,tercengang,1
2366,Positif,terdepan,1
2367,Positif,terkadang,1
2368,Positif,terkecil,1
2369,Positif,terkena,1
2370,Positif,terkoneksi,1
2371,Positif,terpercaya,1
2372,Positif,terpopuler,1
2373,Positif,terputus,1
2374,Positif,tersambung,1
2375,Positif,tersebut,1
2376,Positif,thaiviet,1
2377,Positif,thank,1
2378,Positif,that,1
2379,Positif,theres,1
2380,Positif,tiarap,1
2381,Positif,tidur,1
2382,Positif,titik,1
2383,Positif,tontonan,1
2384,Positif,too,1
2385,Positif,translate,1
2386,Positif,trouble,1
2387,Positif,tujuan,1
2388,Positif,tunduh,1
2389,Positif,tvn,1
2390,Positif,tweeps,1
2391,Positif,tyo,1
2392,Positif,uang,1
2393,Positif,untuk,1
2394,Positif,untung,1
2395,Positif,up,1
2396,Positif,uwaaa,1
2397,Positif,valid,1
2398,Positif,value,1
2399,Positif,varian,1
2400,Positif,vibes,1
2401,Positif,vidio,1
2402,Positif,voucher,1
2403,Positif,wadah,1
2404,Positif,wahiyasih,1
2405,Positif,warga,1
2406,Positif,warna,1
2407,Positif,watching,1
2408,Positif,wawasan,1
2409,Positif,wetv,1
2410,Positif,what,1
2411,Positif,when,1
2412,Positif,wicked,1
2413,Positif,wig,1
2414,Positif,with,1
2415,Positif,wkwkwk,1
2416,Positif,wow,1
2417,Positif,wts,1
2418,Positif,wuih,1
2419,Positif,yashahime,1
2420,Positif,yes,1
2421,Positif,you,1
2422,Positif,your,1
2423,Positif,youtube,1
